###################################################################;;X
#HPM rebels;;X
###################################################################;;X
independence_rebels_title;Независимость;;;;;;;;;;;;;
independence_rebels_name;Борцы за независимость;;;;;;;;;;;;;
###################################################################;;X
#HPM events;;X
###################################################################;;X
monthly_substate_payment_title;Ежемесячные выплаты;X
monthly_substate_payment_desc;Будучи вассальным государством, мы вынуждены вносить свой вклад в казну нашего сюзерена.;X
ottoman_oppression_mil_gain_title;ИИ: Угнетение религиозных меньшинств;X
ottoman_oppression_mil_gain_desc;Религиозные меньшинства в Османской Империи сеют смуту.;X
native_integration_status_on_title;Статус туземцев;X
native_integration_status_on_desc;Со времен колонизации $COUNTRY$ туземцы были низведены до маргинальной роли в $COUNTRY_ADJ$ обществе. Маргинализированные или просто игнорируемые, туземцы становятся все более агрессивными. В $CAPITAL$ ведутся переговоры об официальной политике в отношении нашего отношения к туземцам: должны ли мы сохранить статус-кво? Дать им полные права? Попробуйте ассимилировать их в $COUNTRY_ADJ$ культуре? Стоит ли пытаться загнать их на грань вымирания?;X
specific_trade_policy_title;Выбор торговой политики;X
specific_trade_policy_desc;While the ruling party has its own broad trade policy, there are several schools of economic thought competing competing for space in the government. Adopting a trade policy will take away some of the flexibility in setting tariffs, but it will allow for more efficient tariff collection and possibly other benefits over what a volatile tariff police might have. \n\n\n§YNOTE: Researching Market Regulations will unlock more options when this decision is taken. You can disable this decision entirely and for the rest of the game by taking it and choosing the last option in the fired event.§W;X
###################################################################;;X
#My countries;;X
###################################################################;;X
PLA;Плантагенеты;X
PLA_ADJ;Плантагенетск.;X
###################################################################;;X
#HPM countries;;X
###################################################################;;X
AGC;Ангоче;X
AGC_ADJ;Ангочск.;X
AGC_absolute_monarchy;Султанат Ангоче;X
AGC_conservative;Sultan's Faction;X
AGC_liberal;Reform Faction;X
AGC_reactionary;Islamic faction;X
AGC_anarcho_liberal;Radical Faction;X
AGC_socialist;Socialist Party;X
AGC_communist;Communist Party;X
AGC_fascist;Fascist Faction;X
###################################################################;;X
AKH;Астрахань;X
AKH_ADJ;Астраханск.;X
AKH_conservative;The Conservatives;X
AKH_liberal;The Liberals;X
AKH_reactionary;The Khanate Faction;X
AKH_anarcho_liberal;The Libertains;X
AKH_socialist;The Socialists;X
AKH_communist;The Communists;X
AKH_fascist;The Mongolian Faction;X
###################################################################;;X
ALS;Эльзас;X
ALS_ADJ;Эльзск.;X
ALS_liberal;Liberaldem. Partei;X
ALS_conservative;Zentrumspartei;X
ALS_liberal_2;Nationalliberale;X
ALS_socialist;Deutscher Arbeiterverein;X
ALS_reactionary;Nationale Partei;X
ALS_anarcho_liberal;Radical Arbeiterpartei;X
ALS_communist;Communist Arbeiterpartei;X
ALS_fascist;NSDP;X
###################################################################;;X
ALT;Алтай;X
ALT_ADJ;Адтайск.;X
ARO_democracy;Алтайская Республика;X
ALT_absolute_monarchy;Altai Union;X
ALT_hms_government;Altai Union;X
ALT_prussian_constitutionalism;Altai Union;X
ALT_conservative;The Conservatives;X
ALT_liberal;The Liberals;X
ALT_reactionary;The Khanate Faction;X
ALT_anarcho_liberal;The Libertains;X
ALT_socialist;The Socialists;X
ALT_communist;The Communists;X
ALT_fascist;The Mongolian Faction;X
###################################################################;;X
ARC;Аргентина;X
ARC_ADJ;Аргентинск.;X
ARC_democracy;Аргентинская Конфедерация;X
ARC_presidential_dictatorship;Аргентинская Конфедерация;X
ARC_proletarian_dictatorship;Коммунистическая Федерация Аргентины;X
###################################################################;;X
ARO;Арочукву;X
ARO_ADJ;Арочукск.;X
ARO_proletarian_dictatorship;Biafra;X
ARO_proletarian_dictatorship_ADJ;Biafran;X
ARO_fascist_dictatorship;Biafra;X
ARO_fascist_dictatorship_ADJ;Biafran;X
ARO_bourgeois_dictatorship;Biafra;X
ARO_bourgeois_dictatorship_ADJ;Biafran;X
ARO_presidential_dictatorship;Biafra;X
ARO_presidential_dictatorship_ADJ;Biafran;X
ARO_democracy;Biafra;X
ARO_democracy_ADJ;Biafran;X
ARO_conservative;Eze Aro Faction;X
ARO_liberal;Reform Faction;X
ARO_reactionary;Empire Faction;X
ARO_anarcho_liberal;Radical Faction;X
ARO_socialist;Socialist Faction;X
ARO_communist;Communist Faction;X
ARO_fascist;Fascist Faction;X
###################################################################;;X
ASH;Ашанти;X
ASH_ADJ;Ашантиск.;X
ASH_proletarian_dictatorship;Гана;X
ASH_proletarian_dictatorship_ADJ;Ганск.;X
ASH_fascist_dictatorship;Гана;X
ASH_fascist_dictatorship_ADJ;Ганск.;X
ASH_bourgeois_dictatorship;Гана;X
ASH_bourgeois_dictatorship_ADJ;Ганск.;X
ASH_presidential_dictatorship;Гана;X
ASH_presidential_dictatorship_ADJ;Ганск.;X
ASH_absolute_monarchy;Империя Ашанти;X
ASH_democracy;Гана;X
ASH_democracy_ADJ;Ганск.;X
ASH_conservative;Royal Faction;X
ASH_liberal;Reform Faction;X
ASH_reactionary;Empire Faction;X
ASH_conservative_2;National Liberation Movement;X
ASH_liberal_2;United Gold Coast Convention;X
ASH_reactionary_2;National Liberation Council;X
ASH_anarcho_liberal;Progress Party;X
ASH_socialist;Ghana Congress Party;X
ASH_communist;Convention People's Party;X
ASH_fascist;Popular Front Party;X
###################################################################;;X
AWS;Ауса;X
AWS_ADJ;Ауск.;X
AWS_conservative;Sultan's Faction;X
AWS_liberal;Reformers Faction;X
AWS_reactionary;Military Faction;X
AWS_anarcho_liberal;Radical Faction;X
AWS_socialist;Afar People's Party;X
AWS_communist;Afar Communist Party;X
AWS_fascist;Fascist Faction;X
###################################################################;;X
BAN;Банат;X
BAN_ADJ;Банатск.;X
BAN_democracy;Республика Банат;X
BAN_conservative;The Conservatives;X
BAN_liberal;The Liberals;X
BAN_reactionary;The Royalist Faction;X
BAN_anarcho_liberal;The Libertains;X
BAN_socialist;The Socialists;X
BAN_communist;The Communists;X
BAN_fascist;The Nationalist Faction;X
###################################################################;;X
BDK;Бадахшан;X
BDK_ADJ;Бадахшанск.;X
BDK_absolute_monarchy;Кундуз(?);X
###################################################################;;X
BDN;Хаккяри;X
BDN_ADJ;Хаккярийск.;X
###################################################################;;X
BEN;Бенин;X
BEN_ADJ;Бенинск.;X
BEN_absolute_monarchy;Бенинская Империя;X
BEN_conservative;Oba's Faction;X
BEN_liberal;Reform Faction;X
BEN_reactionary;Military Faction;X
BEN_anarcho_liberal;Radical Faction;X
BEN_socialist;People's Faction;X
BEN_communist;Communist Faction;X
BEN_fascist;Fascist Faction;X
###################################################################;;X
BHP;Бахавалпур;X
BHP_ADJ;Бахавалпурск.;X
###################################################################;;X
BHR;Бахрейн;X
BHR_ADJ;Бахрейнск.;X
BHR_reactionary;Hizb al-Hashemiyya al-Urduni;X
BHR_conservative;Hizb al-Wasat al-Islami;X
BHR_liberal;Yasari-d-al-Dimaqrati al-Urduni;X
BHR_anarcho_liberal;Al Anarkiliberali;X
BHR_socialist;Hizb al-Baath al-Ishtiraki al-Urduni;X
BHR_communist;Al-Hizb al-Shuyui al-Urduni;X
BHR_fascist;Hizb al-Mustaqbal;X
###################################################################;;X
BHT;Бохтан;X
BHT_ADJ;Бохтанск.;X
###################################################################;;X
BNB;Бабан;X
BNB_ADJ;Бабанск.;X
###################################################################;;X
BSH;Лесото;X
BSH_ADJ;Лесотск.;X
BSH_absolute_monarchy;Басуто;X
BSH_absolute_monarchy_ADJ;Басутск;X
BSH_conservative;Royal Faction;X
BSH_liberal;Reform Faction;X
BSH_reactionary;Empire Faction;X
BSH_anarcho_liberal;Radical Faction;X
BSH_socialist;Socialist Faction;X
BSH_communist;Communist Faction;X
BSH_fascist;Fascist Faction;X
###################################################################;;X
BTL;Битлис;X
BTL_ADJ;Битлиск.;X
###################################################################;;X
BRT;Бретань;;;;;;;;;;;;;
BRT_ADJ;Бретаньск.;;;;;;;;;;;;;
BRT_fascist;PNB;;;;;;;;;;;;;
BRT_reactionary;Strollad Broadelour;;;;;;;;;;;;;
BRT_communist;Strollad Komunist;;;;;;;;;;;;;
BRT_socialist;Unvaniezh Demokratel;;;;;;;;;;;;;
BRT_liberal;Strollad Liberal;;;;;;;;;;;;;
BRT_anarcho_liberal;Strollad Radical;;;;;;;;;;;;;
BRT_conservative;Strollad Mirour;;;;;;;;;;;;;
###################################################################;;X
BRY;Бурятия;X
BRY_ADJ;Бурятск.;X
BRY_democracy;Бурятия;X
BRY_conservative;Royal Faction;X
BRY_liberal;The Liberal Faction;X
BRY_reactionary;The Nationalist Faction;X
BRY_anarcho_liberal;The Radical Faction;X
BRY_socialist;The Socialist Faction;X
BRY_communist;The Communist Faction;X
BRY_fascist;The Fascist Faction;X
###################################################################;;X
CHK;Тямпасак;X
CHK_ADJ;Тямпасакск.;X
CHK_conservative;Royal Faction;X
CHK_liberal;The Liberal Faction;X
CHK_reactionary;The Nationalist Faction;X
CHK_anarcho_liberal;The Radical Faction;X
CHK_socialist;The Socialist Faction;X
CHK_communist;The Communist Faction;X
CHK_fascist;The Fascist Faction;X
###################################################################;;X
CHO;Тюгоку;X
CHO_ADJ;Тюгокск.;X
CHO_absolute_monarchy;Тёсю;X
CHO_absolute_monarchy_ADJ;Тёсюкск.;X
CHO_hms_government;Тёсю;X
CHO_hms_government_ADJ;Тёсюкск.;X
CHO_prussian_constitutionalism;Тёсю;X
CHO_prussian_constitutionalism_ADJ;Тёсюкск.;X
###################################################################;;X
CHY;Чечня;X
CHY_ADJ;Чеченск.;X
CHY_democracy;Чеченская Республика;X
CHY_reactionary;Qadiri;X
CHY_liberal;Reformist Faction;X
CHY_conservative;Tukkhum;X
CHY_anarcho_liberal;Radical Party;X
CHY_socialist;Socialist Party;X
CHY_communist;Communist Part;X
CHY_fascist;Fascist Party;X
###################################################################;;X
CIR;Черкесия;X
CIR_ADJ;Черкеск.;X
CIR_liberal;Partiye Libyeral;X
CIR_conservative;Partiye Wuhumenig;X
CIR_socialist;Partiye Sotsialist;X
CIR_reactionary;Partiye Natsiya;X
CIR_anarcho_liberal;Partiye Fit Bedzer;X
CIR_communist;Partiye Zefediz;X
CIR_fascist;Partiye Lepqh;X
###################################################################;;X
CLA;Калабар;X
CLA_ADJ;Калабарск.;X
CLA_conservative;Duke Town Faction;X
CLA_liberal;Creek Town Faction;X
CLA_reactionary;Empire Faction;X
CLA_anarcho_liberal;Radical Faction;X
CLA_socialist;Socialist Faction;X
CLA_communist;Communist Faction;X
CLA_fascist;Fascist Faction;X
###################################################################;;X
CRL;Читрал;X
CRL_ADJ;Читралск.;X
###################################################################;;X
CRS;Корсика;X
CRS_ADJ;Корсиканск.;X
CRS_conservative;Fazzione Cunservatore;X
CRS_liberal;Fazzione Liberale;X
CRS_reactionary;Fazzione Bonapartistu;X
CRS_socialist;Fazzione Sucialistu;X
CRS_communist;Fazzione Cumunistu;X
CRS_anarcho_liberal;Fazzione Anarchistu;X
CRS_fascist;Fazzione Fascistu;X
###################################################################;;X
CRT;Корриентес;X
CRT_ADJ;Корриентеск.;X
###################################################################;;X
DAG;Дагестан;X
DAG_ADJ;Дагестанск.;X
DAG_theocracy;Северо-Кавказский имамат;X
DAG_presidential_dictatorship;Дагестан;X
DAG_proletarian_dictatorship;Дагестан;X
DAG_bourgeois_dictatorship;Дагестан;X
DAG_fascist_dictatorship;Дагестан;X
DAG_democracy;Дагестан;X
DAG_liberal;Liberal Factuib;X
DAG_socialist;Socialist Party;X
DAG_reactionary;Nationalist Party;X
DAG_anarcho_liberal;Radical Party;X
DAG_communist;Communist Party;X
DAG_fascist;Fascist Party;X
DAG_conservative;Conservative Party;X
###################################################################;;X
DAH;Бенин;X
DAH_ADJ;Бенинск.;X
DAH_absolute_monarchy;Дагомея;X
DAH_absolute_monarchy_ADJ;Дагомейск.;X
DAH_prussian_constitutionalism;Дагомея;X
DAH_prussian_constitutionalism_ADJ;Дагомейск.;X
DAH_hms_government;Дагомея;X
DAH_hms_government_ADJ;Дагомейск.;X
DAH_proletarian_dictatorship;Народная Республика Бенин;X
DAH_conservative;Ahosu Faction;X
DAH_liberal;Liberal Faction;X
DAH_reactionary;Empire Faction;X
DAH_conservative_2;Progressive Union;X
DAH_reactionary_2;Ethnic Group of the North;X
DAH_liberal_2;Republican Party;X
DAH_anarcho_liberal;BMFD;X
DAH_socialist;African People's Bloc;X
DAH_communist;People's Revolutionary Party;X
DAH_fascist;Fascist Front;X
###################################################################;;X
DAM;Дамагарам;X
DAM_ADJ;Дамагарамск.;X
DAM_proletarian_dictatorship;Республика Хауса;X
DAM_proletarian_dictatorship_ADJ;Хауск.;X
DAM_presidential_dictatorship;Хаусленд;X
DAM_presidential_dictatorship_ADJ;Хауск.;X
DAM_bourgeois_dictatorship;Хаусленд;X
DAM_bourgeois_dictatorship_ADJ;Хауск.;X
DAM_fascist_dictatorship;Хаусленд;X
DAM_fascist_dictatorship_ADJ;Хауск.;X
DAM_democracy;Хаусленд;X
DAM_democracy_ADJ;Хауск.;X
DAM_absolute_monarchy;Дамагарам;X
DAM_hms_government;Дамагарам;X
DAM_prussian_constitutionalism;X
DAM_conservative;Sultan's Faction;X
DAM_liberal;Reform Faction;X
DAM_reactionary;Religious Faction;X
DAM_anarcho_liberal;Freedom Faction;X
DAM_socialist;Justice and Equality Movement;X
DAM_communist;Communist Faction;X
DAM_fascist;Fascist Faction;X
###################################################################;;X
DJA;Джамби;X
DJA_ADJ;Джамбск.;X
###################################################################;;X
DON;Казачество;X
DON_ADJ;Казакск.;X
DON_absolute_monarchy;Казакский Гетманат;X
DON_hms_government;Казакский Слоюз;X
DON_prussian_constitutionalism;Казакский Гетманат;X
DON_fascist_dictatorship;Казакия;X
DON_conservative;The Conservatives;X
DON_liberal;The Liberals;X
DON_reactionary;The Hetmanate Faction;X
DON_anarcho_liberal;The Libertains;X
DON_socialist;The Socialists;X
DON_communist;The Communists;X
DON_fascist;The Nationalist Faction;X
###################################################################;;X
DLM;Далмация;X
DLM_ADJ;Далмацск.;X
###################################################################;;X
DND;Королевство Денди;X
DND_ADJ;Дендск.;X
DND_proletarian_dictatorship;Республика Сонгай;X
DND_proletarian_dictatorship_ADJ;Сонгайск.;X
DND_presidential_dictatorship;Сонгай;X
DND_presidential_dictatorship_ADJ;Сонгайск;X
DND_bourgeois_dictatorship;Сонгай;X
DND_bourgeois_dictatorship_ADJ;Сонгайск;X
DND_fascist_dictatorship;Республика Денди;X
DND_democracy;Сонгай;X
DND_democracy_ADJ;Сонгайск;X
DND_conservative;Askiya Faction;X
DND_liberal;Reform Faction;X
DND_reactionary;Religious Faction;X
DND_anarcho_liberal;Freedom Faction;X
DND_socialist;Justice and Equality Movement;X
DND_communist;Communist Faction;X
DND_fascist;Fascist Faction;X
###################################################################;;X
ENT;Энтре Риос;X
ENT_ADJ;Энтрерианск.;X
ENT_conservative;Federalistas;X
ENT_conservative_2;Partido Federalista;X
ENT_liberal;Partido Liberal;X
ENT_liberal_2;Partido Democracia;X
ENT_socialist;Partido Azul;X
ENT_conservative_3;Union Civica de Entre Rios;X
ENT_communist;Partido Communista;X
ENT_liberal_3;Liberales;X
ENT_reactionary;Partido Nacionalista;X
ENT_anarcho_liberal;Partido Radical;X
ENT_socialist_2;Partido Socialista;X
ENT_fascist;Partido Fascista;X
###################################################################;;X
FDL;Фадли;X
FDL_ADJ;Фадлийск.;X
###################################################################;;X
FIU;Фиуме;X
FIU_ADJ;Фиумск.;X
FIU_fascist_dictatorship;Карнаро;X
FIU_bourgeois_dictatorship;Карнаро;X
FIU_presidential_dictatorship;Карнаро;X
FIU_democracy;Свободный город Фиуме;X
FIU_liberal;Partito Liberale;X
FIU_conservative;Partito Autonomo;X
FIU_reactionary;Nazionalisti;X
FIU_socialist;Partito Socialista di Fiume;X
FIU_communist;Partito Comunista di Fiume;X
FIU_anarcho_liberal;Radicali;X
FIU_fascist;Fascisti;X
###################################################################;;X
GAZ;Газа;X
GAZ_ADJ;Газск.;X
GAZ_absolute_monarchy;Империя Газа;X
GAZ_conservative;King's Faction;X
GAZ_liberal;Reform Faction;X
GAZ_reactionary;Traditionalist faction;X
GAZ_anarcho_liberal;Freedom Faction;X
GAZ_socialist;People's Front;X
GAZ_communist;Communist Party;X
GAZ_fascist;Fascist Faction;X
###################################################################;;X
GBU;Гвинея-Бисау;X
GBU_ADJ;Гвинеябисауск.;X
GBU_absolute_monarchy;Империя Каабу;X
GBU_absolute_monarchy_ADJ;Каабуксбк.;X
GBU_conservative;Mansaba Faction;X
GBU_liberal;Reform Faction;X
GBU_reactionary;Empire Faction;X
GBU_conservative_2;Democratic Front;X
GBU_liberal_2;Party for Social Renewal;X
GBU_reactionary_2;Guinean Civic Forum;X
GBU_anarcho_liberal;Democratic Party of Progress;X
GBU_socialist;Struggle Front for Independence;X
GBU_communist;African Party of Independence;X
GBU_fascist;Bafata Movement;X
###################################################################;;X
GEL;Геледи;X
GEL_ADJ;Геледск.;X
GEL_conservative;Sheikal Faction;X
GEL_liberal;The Liberal Faction;X
GEL_reactionary;The Nationalist Faction;X
GEL_anarcho_liberal;The Radical Faction;X
GEL_socialist;The Socialist Faction;X
GEL_communist;The Communist Faction;X
GEL_fascist;The Greater Somalia Faction;X
###################################################################;;X
GLM;Галиция и Лодомерия;X
GLM_ADJ;Галицск.;X
GLM_absolute_monarchy;Королевство Галиции и Лодомерии;X
###################################################################;;X
GON;Бэгемдыр;X
GON_ADJ;Бэгемдырск.;X
GON_conservative;Imperial Faction;X
GON_liberal;Reform Faction;X
GON_reactionary;Ras Faction;X
GON_anarcho_liberal;Radical Faction;X
GON_socialist;Socialist Party;X
GON_communist;Communist Party;X
GON_fascist;Fascist Faction;X
###################################################################;;X
GUY;Гайана;X
GUY_ADJ;Гайанск.;X
GUY_conservative;Dutch Faction;X
GUY_liberal;French Faction;X
GUY_socialist;Ruimveldt Party;X
GUY_communist;British Guiana Labour Union;X
GUY_reactionary;British Faction;X
GUY_anarcho_liberal;American Faction;X
GUY_fascist;Unity Party;X
###################################################################;;X
HAL;Хаил;X
HAL_ADJ;Хаилск.;X
HAL_prussian_constitutionalism;Аль Рашид;X
HAL_prussian_constitutionalism_ADJ;Альрашидск.;X
HAL_absolute_monarchy;Эмират Джебель-Шаммар;X
HAL_absolute_monarchy_ADJ;Альрашидск;X
HAL_hms_government;Эмират Джебель-Шаммар;X
HAL_hms_government_ADJ;Альрашидск;X
HAL_prussian_constitutionalism;Jabal Shammar;X
HAL_reactionary;Hizb al-Hashemiyya al-Urduni;X
HAL_conservative;Hizb al-Wasat al-Islami;X
HAL_liberal;Yasari-d-al-Dimaqrati al-Urduni;X
HAL_anarcho_liberal;Al Anarkiliberali;X
HAL_socialist;Hizb al-Baath al-Ishtiraki al-Urduni;X
HAL_communist;Al-Hizb al-Shuyui al-Urduni;X
HAL_fascist;Hizb al-Mustaqbal;X
###################################################################;;X
HAR;Харэр;X
HAR_ADJ;Харэрск.;X
HAR_conservative;Emir's Faction;X
HAR_liberal;Reform Faction;X
HAR_reactionary;Religious Faction;X
HAR_anarcho_liberal;Radical Faction;X
HAR_socialist;Socialist Party;X
HAR_communist;Communist Party;X
HAR_fascist;Islamic Party;X
###################################################################;;X
JAL;Фута-Джаллон;X
JAL_ADJ;Джалонск.;X
JAL_conservative;Almami's Faction;X
JAL_liberal;Liberal Faction;X
JAL_reactionary;The Jihadis;X
JAL_anarcho_liberal;Radical Faction;X
JAL_socialist;Socialist Faction;X
JAL_communist;Communist Faction;X
JAL_fascist;Fascist Faction;X
###################################################################;;X
KAF;Каффа;X
KAF_ADJ;Каффск.;X
KAF_conservative;Royal faction;X
KAF_liberal;Reform Faction;X
KAF_reactionary;Traditionalist faction;X
KAF_anarcho_liberal;Freedom Faction;X
KAF_socialist;Socialist Faction;X
KAF_communist;Communist Faction;X
KAF_fascist;Fascist Faction;X
###################################################################;;X
KAG;Исикава;X
KAG_ADJ;Исикавск.;X
KAG_absolute_monarchy;Кага;X
KAG_absolute_monarchy_ADJ;Исикавск.;X
KAG_prussian_constitutionalism;Кага;X
KAG_prussian_constitutionalism_ADJ;Исикавск.;X
KAG_hms_government;Кага;X
KAG_hms_government_ADJ;Исикавск.;X
###################################################################;;X
KAM;Племя Туле;X
KAM_ADJ;Тульск..;X
KAM_presidential_dictatorship;Тульская республика;X
KAM_bourgeois_dictatorship;Тульская республика;X
KAM_proletarian_dictatorship;Тульская республика;X
KAM_conservative;The Conservatives;X
KAM_liberal;The Liberals;X
KAM_reactionary;The Khanate Faction;X
KAM_anarcho_liberal;The Libertains;X
KAM_socialist;The Socialists;X
KAM_communist;The Communists;X
KAM_fascist;The Nationalists;X
###################################################################;;X
KAZ;Казахстан;X
KAZ_ADJ;Казахстанск.;X
KAZ_absolute_monarchy;Казахское Ханство;X
KAZ_conservative;The Conservatives;X
KAZ_liberal;The Liberals;X
KAZ_reactionary;The Khanate Faction;X
KAZ_anarcho_liberal;The Libertains;X
KAZ_socialist;The Socialists;X
KAZ_communist;The Communists;X
KAZ_fascist;The Nationalists;X
###################################################################;;X
KBO;Борну;X
KBO_ADJ;Борнуск.;X
KBO_absolute_monarchy;Империя Борну;X
KBO_conservative;Mai Faction;X
KBO_liberal;Reform Faction;X
KBO_reactionary;Religious Faction;X
KBO_anarcho_liberal;Freedom Faction;X
KBO_socialist;People's welfare Faction;X
KBO_communist;Communist Faction;X
KBO_fascist;Greater Kanem-Bornu Faction;X
###################################################################;;X
KLM;Калимантан;X
KLM_ADJ;Калимантанск.;X
###################################################################;;X
KML;Кумульское ханство;X
KML_ADJ;Kumulian;X
KML_democracy;Республика Кумул;X
KML_bourgeois_dictatorship;Кумул;X
KML_proletarian_dictatorship;Народная Республика Кумул;X
KML_fascist_dictatorship;Kumul;X
KML_conservative;Kumul Shah Faction;X
KML_liberal;Kumul Reformers;X
KML_reactionary;Kumul Fundamentalists;X
KML_anarcho_liberal;Kumul Libertarians;X
KML_socialist;Kumul Socialists;X
KML_communist;Kumul People's Party;X
KML_fascist;Kumul National Front;X
###################################################################;;X
KMK;Калмыкия;X
KMK_ADJ;Калмыкск.;X
KMK_fascist_dictatorship;Калмыкское Ханство;X
KMK_proletarian_dictatorship;Калмыкская Республика;X
KMK_conservative;The Conservatives;X
KMK_liberal;The Liberals;X
KMK_reactionary;The Khanate Faction;X
KMK_anarcho_liberal;The Libertains;X
KMK_socialist;The Socialists;X
KMK_communist;The Communists;X
KMK_fascist;The Mongolian Faction;X
###################################################################;;X
KNG;Конг;X
KNG_ADJ;конгск.;X
KNG_absolute_monarchy;Империя Конг;X
KNG_hms_government;Империя Конг;X
KNG_prussian_constitutionalism;Империя Конг;X
KNG_conservative;Fama's Faction;X
KNG_liberal;Liberal Faction;X
KNG_reactionary;Religious Faction;X
KNG_anarcho_liberal;Radical Faction;X
KNG_socialist;Socialist Faction;X
KNG_communist;Communist Faction;X
KNG_fascist;Fascist Faction;X
###################################################################;;X
KON;Конго;X
KON_ADJ;Конгск.;X
KON_conservative;MweneKongo Faction;X
KON_liberal;Reform Faction;X
KON_reactionary;Religious Faction;X
KON_anarcho_liberal;Radical Faction;X
KON_socialist;Socialist Faction;X
KON_communist;Communist Faction;X
KON_fascist;Fascist Faction;X
###################################################################;;X
KRL;Карелия;X
KRL_ADJ;Карельск.;X
KRL_conservative;Suomalainen puolue;X
KRL_conservative_2;Svenska partiet;X
KRL_liberal;Nuorsuomalaiset;X
KRL_liberal_2;Edistyspuolue;X
KRL_reactionary;Kokoomus;X
KRL_socialist;Sosiaalidemokraatit;X
KRL_anarcho_liberal;Aktivistinen vastustuspuolue;X
KRL_communist;Punakaarti;X
KRL_fascist;Fascists;X
###################################################################;;X
KTH;Касири;X
KTH_ADJ;Касирск.;X
###################################################################;;X
KTI;Кутай;X
KTI_ADJ;Кутайск.;X
KTI_conservative;Royal Faction;X
KTI_liberal;The Liberal Faction;X
KTI_reactionary;The Nationalist Faction;X
KTI_anarcho_liberal;The Radical Faction;X
KTI_socialist;The Socialist Faction;X
KTI_communist;The Communist Faction;X
KTI_fascist;The Fascist Faction;X
###################################################################;;X
KWT;Кувейт;X
KWT_ADJ;Кувейтск.;X
###################################################################;;X
LHJ;Лахдж;X
LHJ_ADJ;Лахджск.;X
###################################################################;;X
LOA;Лоанго;X
LOA_ADJ;Лоангск.;X
LOA_conservative;Ma Lwaagu's Faction;X
LOA_liberal;Reform Faction;X
LOA_reactionary;Traditions Faction;X
LOA_anarcho_liberal;Radical Faction;X
LOA_socialist;Socialist Faction;X
LOA_communist;Communist Faction;X
LOA_fascist;Fascist Faction;X
###################################################################;;X
LSK;Аляска;X
LSK_ADJ;Аляскск.;X
LSK_reactionary;Nationalist Party;X
LSK_conservative;Democratic Party;X
LSK_liberal;Republican Party;X
LSK_anarcho_liberal;Liberal Economists;X
LSK_socialist;Socialist Party;X
LSK_communist;Bolsheviks;X
LSK_fascist;Northern Futurists;X
###################################################################;;X
MCD;Македония;X
MCD_ADJ;Македонск.;X
MCD_democracy;Крушевская Республика;X
###################################################################;;X
MAH;Махараштра;X
MAH_ADJ;Махараштраск.;X
MAH_conservative;Royal Faction;X
MAH_liberal;The Liberal Faction;X
MAH_reactionary;The Nationalist Faction;X
MAH_anarcho_liberal;The Radical Faction;X
MAH_socialist;The Socialist Faction;X
MAH_communist;Communist Faction;X
MAH_fascist;The Fascist Faction;X
###################################################################;;X
MAJ;Маджиртин;X
MAJ_ADJ;Маджиртинск.;X
MAJ_absolute_monarchy;Султанат Маджиртин;X
MAJ_conservative;Sheikal Faction;X
MAJ_liberal;The Liberal Faction;X
MAJ_reactionary;The Nationalist Faction;X
MAJ_anarcho_liberal;The Radical Faction;X
MAJ_socialist;The Socialist Faction;X
MAJ_communist;The Communist Faction;X
MAJ_fascist;The Islamic Faction;X
###################################################################;;X
MAL;Малуку;X
MAL_ADJ;Малукск.;X
MAL_absolute_monarchy;Тидоре;X
MAL_prussian_constitutionalism;Тидоре;X
MAL_hms_government;Тидоре;X
###################################################################;;X
MAS;Массина;X
MAS_ADJ;Массинск.;X
MAS_absolute_monarchy;Империя Массина;X
MAS_conservative;Royal Faction;X
MAS_liberal;Liberal Faction;X
MAS_reactionary;The Jihadis;X
MAS_anarcho_liberal;Radical Faction;X
MAS_socialist;Socialist Faction;X
MAS_communist;Communist Faction;X
MAS_fascist;Fascist Faction;X
###################################################################;;X
MAT;Матабеле;X
MAT_ADJ;Матабелеск.;X
MAT_conservative;Royal Faction;X
MAT_liberal;Reform Faction;X
MAT_reactionary;Empire Faction;X
MAT_anarcho_liberal;Radical Faction;X
MAT_socialist;Socialist Faction;X
MAT_communist;Communist Faction;X
MAT_fascist;Fascist Faction;X
###################################################################;;X
MDV;Бессарабия;X
MDV_ADJ;Бессарабск.;X
###################################################################;;X
MHR;Махра;X
MHR_ADJ;Махраск.;X
###################################################################;;X
MKN;Мукриян;X
MKN_ADJ;Мукриянск.;X
###################################################################;;X
MOS;Моси;X
MOS_ADJ;Мосиск.;X
MOS_absolute_monarchy;Королевства Моси;X
MOS_proletarian_dictatorship;Верхняя Вольта;X
MOS_proletarian_dictatorship_ADJ;Верхневольтск.;X
MOS_fascist_dictatorship;Верхняя Вольта;X
MOS_fascist_dictatorship_ADJ;Верхневольтск.;X
MOS_presidential_dictatorship;Верхняя Вольта;X
MOS_presidential_dictatorship_ADJ;Верхневольтск.;X
MOS_bourgeois_dictatorship;Верхняя Вольта;X
MOS_bourgeois_dictatorship_ADJ;Верхневольтск.;X
MOS_democracy;Республика Верхняя Вольта;X
MOS_democracy_ADJ;Верхневольтск.;X
MOS_conservative;Mogho Naba Faction;X
MOS_liberal;Reform Faction;X
MOS_reactionary;Traditional Faction;X
MOS_anarcho_liberal;Radical Party;X
MOS_socialist;Socialist Party;X
MOS_communist;Communist Party;X
MOS_fascist;Fascist Party;X
###################################################################;;X
NEH;Невшатель;X
NEH_ADJ;Невшательск.;X
###################################################################;;X
NYE;Северный Йемен;X
NYE_ADJ;Йеменск.;X
NYE_democracy;Йеменская Арабская Республика;X
NYE_presidential_dictatorship;Йеменская Арабская Республика;X
NYE_absolute_monarchy;Рассиды;X
NYE_absolute_monarchy_ADJ;Рассидск.;X
NYE_prussian_constitutionalism;Йеменское Мутаваккилийское Королевство;X
NYE_hms_government;Йеменское Мутаваккилийское Королевство;X
###################################################################;;X
OCC;Окситания;X
OCC_ADJ;Окситанск.;X
OCC_reactionary;Partit Reiau-Alo;X
OCC_liberal;Partit de lo Nacioun Уucitano;X
OCC_conservative;Partit Counservadouro;X
OCC_socialist;Partit Soucialisto;X
OCC_anarcho_liberal;Partit Anarquisto;X
OCC_communist;Partit Comunisto;X;
OCC_fascist;Partit Faissisto;X
###################################################################;;X
OYO;Ойо;X
OYO_ADJ;Ойоск.;X
OYO_absolute_monarchy;Империя Ойо;X
OYO_conservative;Alaafin's Faction;X
OYO_liberal;Reform Faction;X
OYO_reactionary;Military Faction;X
OYO_anarcho_liberal;Radical Faction;X
OYO_socialist;People's Faction;X
OYO_communist;Communist Faction;X
OYO_fascist;Fascist Faction;X
###################################################################;;X
PBC;Перу-Боливия;X
PBC_ADJ;Перуболивийск.;X
PBC_absolute_monarchy;Великое Перу;X
PBC_prussian_constitutionalism;Великое Перу;X
PBC_hms_government;Перу-Боливия;X
PBC_proletarian_dictatorship;Народная Андская Республика;X
PBC_proletarian_dictatorship_ADJ;Андск.;X
PBC_democracy;Андское сообщество;X
PBC_democracy_ADJ;Андск.;X
###################################################################;;X
PHG;Паханг;X
PHG_ADJ;Пахангск.;X
###################################################################;;X
PNJ;Пенджаб;X
PNJ_ADJ;Пенджабск.;X
PNJ_absolute_monarchy;Сикхская Империя;X
PNJ_absolute_monarchy_ADJ;Сикхск.;X
PNJ_prussian_constitutionalism;Сикхская Империя;X
PNJ_prussian_constitutionalism_ADJ;Сикхск.;X
PNJ_hms_government;Сикхское Королевство;X
PNJ_hms_government_ADJ;Сикхск.;X
PNJ_democracy;Халистан;X
PNJ_democracy_ADJ;Халистанск.;X
PNJ_fascist_dictatorship;Халистан;X
PNJ_fascist_dictatorship_ADJ;Халистанск.;X
PNJ_conservative;Khalsa;X
PNJ_liberal;Fauj-i-Khas;X
PNJ_reactionary;Misls;X
PNJ_anarcho_liberal;The Radical Party;X
PNJ_socialist;The Socialist Party;X
PNJ_communist;The Communist Party;X
PNJ_fascist;The Fascist Party;X
###################################################################;;X
PNK;Понтианак;X
PNK_ADJ;Понтианакск.;X
PNK_conservative;Pontianaki Faction;X
PNK_liberal;Sambas Faction;X
PNK_reactionary;Mempawah Faction;X
###################################################################;;X
PIC;Пикардия;X
PIC_ADJ;Пикардск.;X
###################################################################;;X
PRK;Перак;X
PRK_ADJ;Перакск.;X
###################################################################;;X
PRV;Новый Прованс;X
PRV_ADJ;Провансальск.;X
###################################################################;;X
QAT;Катар;X
QAT_ADJ;Катарск.;X
###################################################################;;X
QNG;Цин;X
QNG_ADJ;Цинск.;X
QNG_absolute_monarchy;Великая Империя Цин;X
QNG_prussian_constitutionalism;Великая Империя Цин;X
QNG_hms_government;Великая Империя Цин;X
###################################################################;;X
RDL;Ардалан;X
RDL_ADJ;Ардаланск.;X
###################################################################;;X
RGS;Риу-Гранди-ду-Сул;X
RGS_ADJ;Риуграндидусулск.;X
RGS_conservative;Partido Republicano;X
RGS_liberal;Partido Federalista;X
RGS_socialist;Colorados;X
RGS_communist;Partido Popular;X
RGS_reactionary;Partido Gaucho;X
RGS_anarcho_liberal;Partido Libertador;X
RGS_fascist;Partido dos Pampas;X
###################################################################;;X
RHI;Рейнланд;X
RHI_ADJ;Рейнландск.;X
RHI_liberal;Liberaldem. Partei;X
RHI_liberal_2;Nationalliberale;X
RHI_liberal_3;Freisinnige Partei;X
RHI_conservative;Zentrumspartei;X
RHI_conservative_2;Konservative Partei;X
RHI_conservative_3;Christsoz. Arbeiterpartei;X
RHI_socialist;Deutscher Arbeiterverein;X
RHI_socialist_2;Sozialdem. Arbeiterpartei;X
RHI_socialist_3;Sozial. Arbeiterpartei;X
RHI_reactionary;Nationale Partei;X
RHI_anarcho_liberal;Radical Arbeiterpartei;X
RHI_communist;Communist Arbeiterpartei;X
RHI_fascist;NSDP;X
###################################################################;;X
RUT;Русиния;X
RUT_ADJ;Русинск.;X
RUT_democracy;Русиния;X
QNG_absolute_monarchy;Русинское Царство;X
RUT_proletarian_dictatorship;Народная Республика Русиния;X
RUT_presidential_dictatorship;Русиния;X
###################################################################;;X
RYU;Рюкю;X
RYU_ADJ;Рюкюск.;X
RYU_absolute_monarchy;Королевство Рюкю;X
RYU_conservative;National Party;X
RYU_liberal;Liberal Party;X
RYU_reactionary;Monarchist Party;X
RYU_anarcho_liberal;Libertarian Party;X
RYU_socialist;Social-Democratic Pary;X
RYU_communist;United Workers Party;X
RYU_fascist;National-Socialist Party;X
###################################################################;;X
SAK;Сиак;X
SAK_ADJ;Сиакск.;X
###################################################################;;X
SAT;Кюсю;X
SAT_ADJ;Кюсюкск.;X
SAT_absolute_monarchy;Сацума;X
SAT_prussian_constitutionalism;Сацума;X
SAT_hms_government;Сацума;X
###################################################################;;X
SEG;Бамбара;X
SEG_ADJ;Бамбараск.;X
SEG_conservative;Royal Faction;X
SEG_liberal;Reform Faction;X
SEG_reactionary;Traditional Faction;X
SEG_anarcho_liberal;Freedom Faction;X
SEG_socialist;Socialist Faction;X
SEG_communist;Communist Faction;X
SEG_fascist;New Empire Faction;X
###################################################################;;X
SEN;Тохоку;X
SEN_ADJ;Тохокуск.;X
SEN_absolute_monarchy;Сендай;X
SEN_prussian_constitutionalism;Сендай;X
SEN_hms_government;Сендай;X
###################################################################;;X
SDL;Судеты;X
SDL_ADJ;Судетск.;X
SDL_absolute_monarchy;Судеское графство;X
SDL_hms_government;Судеское графство;X
SDL_prussian_constitutionalism;Судеское графство;X
###################################################################;;X
SGM;Зигмаринген;X
SGM_ADJ;Зигмарингенск.;X
###################################################################;;X
SHK;Шиллук;X
SHK_ADJ;Шиллукск.;X
SHK_absolute_monarchy;Королевство Шиллук;X
SHK_hms_government;Королевство Шиллук;X
SHK_prussian_constitutionalism;Королевство Шиллук;X
SHK_conservative;Shilluk Podh Faction;X
SHK_liberal;Reformist Faction;X
SHK_reactionary;Royal Holiness Faction;X
SHK_anarcho_liberal;Shilluk Libertarian Front;X
SHK_socialist;Shilluk Socialist Front;X
SHK_communist;Shilluk People's Front;X
SHK_fascist;Shilluk National Front;X
###################################################################;;X
SHW;Шоа;X
SHW_ADJ;Шоаск.;X
SHW_conservative;Negus's Faction;X
SHW_liberal;The Liberal Faction;X
SHW_reactionary;The Church Faction;X
SHW_anarcho_liberal;The Radical Faction;X
SHW_socialist;The Socialist Faction;X
SHW_communist;The Communist Faction;X
SHW_fascist;The Fascist Faction;X
###################################################################;;X
SIB;Сибирская республика;X
SIB_ADJ;Сибирск.;X
SIB_absolute_monarchy;Сибирь;X
SIB_prussian_constitutionalism;Сибирь;X
SIB_hms_government;Сибирь;X
SIB_conservative;Slavophile;X
SIB_liberal;Westerniser;X
SIB_communist;Social Democratic;X
SIB_socialist;Menshevik;X
SIB_reactionary;Panslavic;X
SIB_conservative_2;Octobrists;X
SIB_anarcho_liberal;Radicals;X
SIB_fascist;Fascists;X
###################################################################;;X
SLG;Селангор;X
SLG_ADJ;Селангорск.;X
###################################################################;;X
SLS;Силезия;X
SLS_ADJ;Силезск.;X
SLS_liberal;Liberaldem. Partei;X
SLS_conservative;Zentrumspartei;X
SLS_liberal_2;Nationalliberale;X
SLS_socialist;Deutscher Arbeiterverein;X
SLS_reactionary;Nationale Partei;X
SLS_conservative_2;Konservative Partei;X
SLS_anarcho_liberal;Radical Arbeiterpartei;X
SLS_communist;Communist Arbeiterpartei;X
SLS_fascist;Fascists;X
###################################################################;;X
SLW;Сулавеси;X
SLW_ADJ;Сулавесиск.;X
SLW_absolute_monarchy;Бони;X
SLW_prussian_constitutionalism;Бони;X
SLW_hms_government;Бони;X
###################################################################;;X
SPU;Южное Перу;X
SPU_ADJ;Южноперуанск.;X
###################################################################;;X
SUA;Свази;X
SUA_ADJ;Свазиск.;X
SUA_democracy;Свазиленд;X
SUA_fascist_dictatorship;Эсватини;X
SUA_fascist_dictatorship_ADJ;Эсватинск.;X
SUA_proletarian_dictatorship;Свазиленд;X
SUA_presidential_dictatorship;Свазиленд;X
SUA_bourgeois_dictatorship;Свазиленд;X
SUA_conservative;Royal Faction;X
SUA_liberal;Reform Faction;X
SUA_reactionary;Traditional Faction;X
SUA_anarcho_liberal;Freedom Faction;X
SUA_socialist;Socialist Faction;X
SUA_communist;Communist Faction;X
SUA_fascist;Fascist Faction;X
###################################################################;;X
SUL;Сулу;X
SUL_ADJ;Сулуск.;X
SUL_conservative;Conservatist Faction;X
SUL_liberal;Reformist Faction;X
SUL_socialist;Progressive Faction;X
SUL_communist;Communist Faction;X
SUL_reactionary;Nationalist Faction;X
SUL_anarcho_liberal;Radical Faction;X
SUL_fascist;Fascist faction;X
###################################################################;;X
SWH;Шлезвиг-Гольштейн;X
SWH_ADJ;Шлезвигск.;X
SWH_liberal;Liberaldem. Partei;X
SWH_conservative;Zentrumspartei;X
SWH_liberal_2;Nationalliberale;X
SWH_liberal_3;Freisinnige Partei;X
SWH_socialist;Deutscher Arbeiterverein;X
SWH_socialist_2;Sozialdem. Arbeiterpartei;X
SWH_socialist_3;Sozial. Arbeiterpartei;X
SWH_reactionary;Nationale Partei;X
SWH_conservative_2;Konservative Partei;X
SWH_conservative_3;Christsoz. Arbeiterpartei;X
SWH_anarcho_liberal;Radical Arbeiterpartei;X
SWH_communist;Communist Arbeiterpartei;X
SWH_fascist;NSDP;X
###################################################################;;X
TAR;Татарстан;X
TAR_ADJ;Татарск.;X
TAR_conservative;The Conservatives;X
TAR_liberal;The Liberals;X
TAR_reactionary;The Khanate Faction;X
TAR_anarcho_liberal;The Libertains;X
TAR_socialist;The Socialists;X
TAR_communist;The Communists;X
TAR_fascist;The Nationalists;X
###################################################################;;X
TIG;Тиграи;X
TIG_ADJ;Тиграиск.;X
TIG_conservative;Faction of the Ras of Tigray;X
TIG_liberal;Reform Faction;X
TIG_reactionary;Traditionalist faction;X
TIG_anarcho_liberal;Freedom Faction;X
TIG_socialist;Tigrayan People's Liberation Front;X
TIG_communist;Tigrayan Communist Party;X
TIG_fascist;Fascist Faction;X
###################################################################;;X
TKG;Сёгунат Токугава;X
TKG_ADJ;Сёгунатск.;X
TKG_fascist;Кокурюкай;X
###################################################################;;X
TOO;Фута Тооро;X
TOO_ADJ;Футатоорск.;X
TOO_conservative;Almaami Faction;X
TOO_liberal;Reform Faction;X
TOO_reactionary;Religious Faction;X
TOO_anarcho_liberal;Freedom Faction;X
TOO_socialist;Socialist Faction;X
TOO_communist;Communist Faction;X
TOO_fascist;Empire Faction;X
###################################################################;;X
TOS;Сикоку;X
TOS_ADJ;Сикокукс.;X
TOS_absolute_monarchy;Тоса;X
TOS_prussian_constitutionalism;Тоса;X
TOS_hms_government;Тоса;X
###################################################################;;X
TRZ;Трарза;X
TRZ_ADJ;Трарзаск.;X
TRZ_proletarian_dictatorship;Мавритания;X
TRZ_proletarian_dictatorship_ADJ;Мавританск.;X
TRZ_presidential_dictatorship;Мавритания;X
TRZ_presidential_dictatorship_ADJ;Мавританск.;X
TRZ_bourgeois_dictatorship;Мавритания;X
TRZ_bourgeois_dictatorship_ADJ;Мавританск.;X
TRZ_fascist_dictatorship;Мавритания;X
TRZ_fascist_dictatorship_ADJ;Мавританск.;X
TRZ_democracy;Мавритания;Mauritanie;X
TRZ_democracy_ADJ;Мавританск.;X
TRZ_conservative;Emir's Faction;X
TRZ_liberal;Reform Faction;X
TRZ_reactionary;Islamic faction;X
TRZ_conservative_2;Progressive Union;X
TRZ_liberal_2;Agreement Party;X
TRZ_reactionary_2;People's Party;X
TRZ_anarcho_liberal;Radical Faction;X
TRZ_socialist;Association of the Young Mauritanians;X
TRZ_communist;Mauritanian Entente;X
TRZ_fascist;Nahda;X
###################################################################;;X
URA;Урал;X
URA_ADJ;Уральск.;X
URA_absolute_monarchy;Уральское Государство;X
URA_democracy;Уральское Свободное Государство;X
URA_hms_government;Уральское Государство;X
URA_proletarian_dictatorship;Уральская Народная Республика;X
URA_prussian_constitutionalism;Уральское Государство;X
URA_conservative;Slavophile;Slavophile;Slawophile;X
URA_liberal;Westerniser;Westerniser;Westler;X
URA_communist;Social Democratic;Social-democrate;Social Democratic;X
URA_socialist;Menshevik;Menshevik;Menschewiki;X
URA_reactionary;Panslavic;Panslavic;Panslawisten;X
URA_conservative_2;Octobrists;Octobristes;Octobristen;X
URA_anarcho_liberal;Radicals;Radicaux;Radikale;X
URA_fascist;Fascists;Fascistes;Faschisten;X
###################################################################;;X
WES;Вестфалия;X
WES_ADJ;Вестфальск.;X
WES_liberal;Liberaldem. Partei;X
WES_conservative;Zentrumspartei;X
WES_liberal_2;Nationalliberale;X
WES_liberal_3;Freisinnige Partei;X
WES_socialist;Deutscher Arbeiterverein;X
WES_socialist_2;Sozialdem. Arbeiterpartei;X
WES_socialist_3;Sozial. Arbeiterpartei;X
WES_reactionary;Nationale Partei;X
WES_conservative_2;Konservative Partei;X
WES_conservative_3;Christsoz. Arbeiterpartei;X
WES_anarcho_liberal;Radical Arbeiterpartei;X
WES_communist;Communist Arbeiterpartei;X
WES_fascist;NSDP;X
###################################################################;;X
WHA;Уэльс;X
WHA_ADJ;Уэльск.;X
WHA_liberal;Democratiaid Rhyddfrydol;X
WHA_conservative;Plaid Geidwadol;X
WHA_socialist;Plaid Cymru;X
WHA_anarcho_liberal;Anarchwyr;X
WHA_fascist;Meibion Glyndwr;X
WHA_communist;Plaid Gomiwnyddol;X
WHA_reactionary;Plaid Genedlaethol;X
###################################################################;;X
WOL;Волоф;X
WOL_ADJ;Волофск.;X
WOL_conservative;Buur-ba's Faction;X
WOL_liberal;Reform Faction;X
WOL_reactionary;Religious Faction;X
WOL_anarcho_liberal;Freedom Faction;X
WOL_socialist;Socialist Faction;X
WOL_communist;Communist Faction;X
WOL_fascist;Fascist Faction;X
###################################################################;;X
WRI;Варри;X
WRI_ADJ;Варрийск.;X
WRI_conservative;Olu's Faction;X
WRI_liberal;Reform Faction;X
WRI_reactionary;Military Faction;X
WRI_anarcho_liberal;Radical Faction;X
WRI_socialist;People's Faction;X
WRI_communist;Communist Faction;X
WRI_fascist;Fascist Faction;X
###################################################################;;X
WRL;Варсангали;X
WRL_ADJ;Варсангалийск.;X
###################################################################;;X
XHO;Коса;X
XHO_ADJ;Косаск.;X
XHO_democracy;Косаленд;X
XHO_conservative;Conservative Faction;X
XHO_liberal;Liberal Faction;X
XHO_reactionary;Traditional Faction;X
XHO_anarcho_liberal;Radical Faction;X
XHO_socialist;Socialist Faction;X
XHO_communist;Communist Faction;X
XHO_fascist;Fascist Faction;X
###################################################################;;X
YAK;Якутия;X
YAK_ADJ;Якутск.;X
YAK_conservative;The Conservatives;X
YAK_liberal;The Liberals;X
YAK_reactionary;The Khanate Faction;X
YAK_anarcho_liberal;The Libertains;X
YAK_socialist;The Socialists;X
YAK_communist;The Communists;X
YAK_fascist;The Nationalists;X
###################################################################;;X
YZW;Йонедзава;X
YZW_ADJ;Йонедзавск.;X
###################################################################;;X
TCA;Закавказье;X
TCA_ADJ;Закавказск.;X
TCA_absolute_monarchy;Кавказское наместничество;X
###################################################################;;X
ABK;Абхазия;X
ABK_ADJ;Абхазск.;X
ABK_reactionary;Bey Loyalists;X
ABK_conservative;Conservative Faction;X
ABK_liberal;Reformist Faction;X
ABK_anarcho_liberal;Radical Faction;X
ABK_socialist;Socialist Party;X
ABK_communist;People's Party of Abkhazia;X
ABK_fascist;United Abkhazia Party;X
###################################################################;;X
TNT;Танну Тува;X
TNT_ADJ;Тувинск.;X
TNT_absolute_monarchy;Танну Урианхай;X
TNT_proletarian_dictatorship;Тувинская Народная Республика;X
TNT_reactionary;Lama Faction;X
TNT_socialist;Socialist Party;X
TNT_communist;Communist Party;X
TNT_liberal;Liberal Party;X
TNT_anarcho_liberal;Freedom Party;X
TNT_conservative;Conservative Party;X
TNT_fascist;Unity Party;X
###################################################################;;X
TEM;Темешбург;X
TEM_ADJ;Темешбургск.;X
###################################################################;;X
#HPM other;;X
###################################################################;;X
nv_autocracy;Автократия;X
theocracy;Теократия;X
###################################################################;;X
#HPM cultures;;X
###################################################################;;X
dagestani;Дагестанцы;X
circassian;Адыги;X
chechen;Чеченцы;X
gypsy;Цыгане;X
prussian;Прусаки;X
assyrian;Ассирийцы;X
breton;Бретонцы;X
occitan;Окситанцы;X
picard;Пикарды;X
western_slavic;Венеды;X
gur;Гурма;X
western_nigritic;Западные нигрити;X
east_kwa;Ква;X
teda;Тубу;X
nilotic;Нилоты;X
harari;Хабеша;X
cushitic;Кушиты;X
baguirmi;Маба;X
sara;Сара-багирми;X
tiv;Bantoid;X
itsekari;Иджо;X
forest_bantu;Northwest Bantu;X
lacustrine_bantu;Northeast Bantu;X
south_forest_bantu;Central Bantu;X
southern_bantu;Southern Bantu;X
ubangian;Ubangi;X
kikuyu;Kikuyu–Kamba;X
lendu;Ленду;X
kavango;Каванго-Амбунду (Kavango-Kimbundu);X
kuba;Bakuba;X
chokwe;Чокве;X
kingwana;Kingwana;X
ruanda;Руанда;X
xhosa;Коса;X
yao;Яо-Маконде (Yao-Makonde);X
nyasa;Ньяса;X
kilombero;Киломберо (Kilombero);X
kreol;Креол;X
beifaren;Северные Хань;X
nanfaren;Южные Хань;X
alaskan;Alaskan;X
afro_caribeno;Афролатиносы;X
native_american_minor;Индейские меньшинства;X
volga_german;Восточные германцы;X
siebenburger;Трансильванские германцы;X
galician;Галисийцы;X
spanish;Кастильцы;X
rhinelander;Рейнцы;X
arpitan;Арпитанцы;X
faroese;Faroese;X
montenegrin;Черногорцы;X
british;Англичане;X
welsh;Валлийцы;X
scottish;Шотландцы;X
anglo-irish;Англо-ирландцы;X
swiss_german;Швейцаро-германцы;X
swiss_french;Швейцаро-французы;X
swiss_italian;Швейцаро-итальянцы;X
romansh;Романши;X
anglo_indian;Англо-индусы;X
neo_zelandais;Новозеландцы;X
louisianan;Луизианцы;X
cajun;Каджуны;X
french_australian;Франко австралийцы;X
griqua;Гриква;X
ukrainian;Русины;X
venetian;Венеты;X
anglois;Франглоис;X
###################################################################;;X
#HPM POLICIES;;X
###################################################################;;X
serfs;Крепостные;X
movement_serfdom;Про крепостническая лига;X
movement_peonage;Компания за запрет крепостничества;X
social_policy;Соцобеспечение;X
no_position_set;Не выбрано;X
no_position_set_l;Не выбрано;X
no_position_set_desc;Официальной позиции в отношении политики социального обеспечения и того, сколько правительство должно потратить на нее, нет. Эта сумма в основном остается на усмотрение правителя.;X
populist_welfare;Патерналистский;X
populist_welfare_l;Патерналистский;X
populist_welfare_desc;Система социального обеспечения в этом государстве имеет патерналистскую характеристику, с минимальной суммой, установленной для поддержки этой часто популистской политики.;X
welfare_state;Государственное обеспечение;X
welfare_state_l;Государственное обеспечение;X
welfare_state_desc;Это правительство считает, что благосостояние менее удачливых имеет первостепенное значение, и выделяет часть бюджета для достижения этой цели.;X
###################################################################;;X
#HPM REFORMS;;X
###################################################################;;X
colonial_spending_policy;Колонии;X
colonial_spending_policy_l;Колонии;X
colonial_spending_policy_desc;Правительство проводит колониальную политику в отношении своих подданных и не собирается тратить деньги на их благосостояние.;X
safety_regulations;Безопасность;X
no_safety;Не регулируется;X
no_safety_desc;Смерть или тяжелые травмы на рабочем месте не редкое явление, поскольку работодателям не нужно думать о безопасности, а только о прибыли. Правительство не имеет никакого регулирующего законодательства, регулирующего безопасность на рабочем месте, и работникам редко удается подать в суд на своих работодателей из-за несчастных случаев.;X
trinket_safety;Минимальная регуляция;X
trinket_safety_desc;Фабрики обязаны обеспечивать надлежащую вентиляцию и регулярно очищать рабочее пространство. Работники могут подать в суд на своих работодателей в случае несчастного случая, но они редко выигрывают какую-либо компенсацию. Когда они это делают, сумма обычно ничтожна. Правила техники безопасности распространяются только на заводы.;X
low_safety;Ограниченная регуляция;X
low_safety_desc;Правила техники безопасности распространяются на сельскохозяйственный, гражданский строительный и горнодобывающий секторы. В шахтах использование предохранительных ламп является обязательным. Работники, подающие в суд на своих работодателей, все еще с трудом добиваются какой-либо значительной компенсации, но правительство предлагает помощь пострадавшим семьям, хотя предоставленной суммы едва хватает, чтобы отказаться от существования.;X
acceptable_safety;Стандартные правила;X
acceptable_safety_desc;Правила техники безопасности распространяются на все рабочие места в нашей стране. Правительственные учреждения маркируют сельскохозяйственные химикаты для токсичности и потенциального воздействия на здоровье, горнорудные и строительные рабочие обязаны использовать защитные механизмы, а ручные тормоза, управляемые рабочими, едущими на верху железнодорожных вагонов, были отменены. Работникам гарантируются их права, и получение компенсации за несчастные случаи, произошедшие из-за халатности работодателя, является обычным явлением. Государственная помощь пострадавшим является разумной.;X
good_safety;Расширенная регуляция;X
good_safety_desc;Правила техники безопасности распространяются на все рабочие места в нашей стране и охватывают потенциальные психологические проблемы, связанные с длительной изоляцией и даже незначительными травмами. Работодатели обязаны обеспечивать работников средствами защиты и обучать технике безопасности. Предупреждения и напоминания распространяются по всему рабочему месту, чтобы гарантировать, что работники помнят свои инструкции по технике безопасности. Получить компенсацию за халатность работодателя на рабочем месте легко, и правительство поддерживает жертв с хорошей суммой денег.;X
school_reforms;Образование;X
no_schools_l;Отсуствует;X
no_schools;Отсуствует;X
no_schools_desc;Нет ни организованной школьной системы, ни бюджета на образование. Скудный прирост грамотности, который достигается за счет религиозных школ или он основан на неформальном общинном обучении, хотя эти места получают некоторое финансирование, косвенно, от правительства. Высшие учебные заведения либо вообще не существуют, либо полностью религиозны и средневековы. \n§RЕсли средняя грамотность составляет более 25%, то финансирование образования должно составлять более 10%. Если это 50%, то финансирование должно быть не менее 20%. Если она составляет 75%, то финансирование должно составлять не менее 30%. Иначе грамотность начнет падать.§W;X
low_schools;Базовое обучение;X
low_schools_l;Базовое обучение;X
low_schools_desc;Рудиментарная школьная система существует в столице и нескольких важных городах, но зачисление совершенно необязательно. Школы ограничиваются обучением учеников чтению и письму. Нет никакого правительственного учреждения, которое проверяло бы школы, и у них нет общих стандартов преподавания, а те немногие курсы, которые существуют, переполнены. Частные школы обычно находятся в таких же условиях. Учителя не имеют профессионального образования и часто являются просто грамотными людьми, в то время как ученики часто покидают школу, не будучи должным образом обучены. \n§YДля полного эффекта этой реформы ваши расходы на образование должны составлять не менее 30%.§W\n§RЕсли средняя грамотность составляет более 25%, финансирование образования должно составлять более 10%. Если это 50%, то финансирование должно быть не менее 20%. Если она составляет 75%, то финансирование должно составлять не менее 30%. Иначе грамотность начнет падать.§W;X
acceptable_schools;Небязательное образование;X
acceptable_schools_l;Небязательное образование;X
acceptable_schools_desc;Школы можно найти в каждом крупном и большинстве средних городов. Существует правительственное учреждение, которое обеспечивает стандарты качества образования и проверяет, используются ли для этого надлежащие средства. Зачисление поощряется, и иногда это прямо обязательно, но оно не соблюдается должным образом, и ученики часто не ходят в школу по целому ряду причин. Детям также преподают математику и некоторые другие предметы. Начинают появляться учебные заведения для подростков,а также светские высшие учебные заведения для взрослых. Учителя формально обучены, но зачастую плохо. n§YДля полного эффекта этой реформы ваши расходы на образование должны составлять не менее 40%.§W\n§RЕсли средняя грамотность составляет более 25%, финансирование образования должно составлять более 10%. Если это 50%, то финансирование должно быть не менее 20%. Если она составляет 75%, то финансирование должно составлять не менее 30%. Иначе грамотность начнет падать.§W;X
good_schools;Обязательное обучение;X
good_schools_l;Обязательное обучение;X
good_schools_desc;Школы можно найти практически в каждом городе. Государственные учреждения относятся к образованию со всей серьезностью, и зачисление является обязательным и строго контролируется. Детей и подростков обучают различным предметам, помимо чтения и письма, а учителей - педагогике в период их становления. Кампании по ликвидации неграмотности среди взрослых и пожилых людей являются частью усилий правительства по искоренению неграмотности. Высшие учебные заведения считаются хорошими, с возможностью для бедных классов поступить.\n§YДля полного эффекта этой реформы ваши расходы на образование должны составлять не менее 50%.\nA полностью финансируемое образование дает бонус к этой реформе.§W\n§RЕсли средняя грамотность составляет более 25%, финансирование образования должно составлять более 10%. Если это 50%, то финансирование должно быть не менее 20%. Если она составляет 75%, то финансирование должно составлять не менее 30%. Иначе грамотность начнет падать.§W;X
work_hours;Рабочий день;X
no_work_hour_limit_desc;Никаких ограничений по рабочему времени в день. Рабочие практически не имеют никаких прав, и работодатели делают со своими работниками все, что им заблагорассудится. Условия на некоторых рабочих местах аналогичны рабству.;X
fourteen_hours_desc;Законодательство о рабочем времени направлено не только на сокращение рабочей нагрузки, но и дает право на минимальное количество отпусков каждый год, ограничивает чрезмерную ночную работу и устанавливает право на отпуск, причем все это без снижения заработной платы работников. В то время как заработная плата растет, а рабочее время сокращается, у людей появляется больше времени для отдыха и потребления, что повышает спрос. В четырнадцать часов в день у большинства рабочих почти нет времени для своих семей.;X
twelve_hours_desc;В двенадцать часов в день рабочие начинают проводить время со своими семьями и быстро становятся обычными посетителями таверн и кабаре после работы.;X
ten_hours_desc;В то время как заработная плата растет, а рабочее время сокращается, у людей появляется больше времени для отдыха и потребления, что повышает спрос. Выходные дни без работы-обычное явление, и у белых воротничков есть система ежегодных отпусков.;X
eight_hours_desc;По восемь часов в день почти все работники имеют право на выходные и ежегодный отпуск. Свободное время для отдыха находится на самом высоком уровне, а индустрия развлечений находится в середине бума. По всей нашей стране курорты появляются благодаря дешевым отелям и недорогим железнодорожным тарифам, широко распространенным банковским праздникам, и мы наблюдаем исчезновение многих религиозных запретов на светскую деятельность по воскресеньям.;X
unemployment_subsidies;Безработные;X
no_health_care;Отсутствует;X
no_health_care_desc;Правительство не заботится о здравоохранении, и никакого финансирования для него не существует. Немногочисленные существующие медицинские учреждения унаследованы от средневековья и оборудованы соответствующим образом. Медицинская карьера это неформальная профессия, в основном связанная с церковью. В больницах используется примитивное освещение, помещения переполнены, а в коридорах и углах зданий-инфекционные заболевания. Молитвы обычно рекомендуются для лечения недугов.;X
trinket_health_care;Традиционные средства;X
trinket_health_care_desc;Врачи и медсестры имеют элементарное представление о ранах и болезнях, частично полагаясь на старые убеждения при лечении пациентов, но они имеют формальную подготовку. В больницах существуют правила, позволяющие уменьшить переполненность (кровати расположены на расстоянии метра друг от друга), предусмотрены вентиляционные системы, а канализационные трубы, ведущие из больницы, промываются несколько раз в день, а отхожие места/стоки дезинфицируются торфяным углем. Существует скудный сбор данных о пациентах, но нет никаких надлежащих санитарных стандартов для больниц и правительственных учреждений, чтобы проверить их. Медицинские учреждения трудно найти. \n§YДля полного эффекта этой реформы ваши административные расходы должны составлять не менее 20%.§W;X
low_health_care;Слабое здравоохранение;X
low_health_care_desc;Врачи и медсестры начинают лучше понимать раны и болезни во время своих исследований и применять принципы так называемой "микробной теории" при лечении пациентов. Была создана санитарная комиссия, и ее агенты патрулируют больницы, хотя и нечасто, чтобы гарантировать элементарный санитарный стандарт. Медицинские учреждения начинают становиться обычным явлением.\n§YДля полного эффекта этой реформы ваши административные расходы должны составлять не менее 30%.§W;X
acceptable_health_care;Хорошее здравоохранение;X
acceptable_health_care_desc;Медицина это полноценная профессия, врачи и медсестры выпускаются с полным пониманием человеческого организма и обширными знаниями о болезнях и способах их лечения. Стерилизация объектов и оборудования является обычным делом, причем фильтры Chamberland используются для фильтрации воды, а автоклав Chamberland используется для нагрева растворов выше их температуры кипения для уничтожения опасных микроорганизмов. Государственные учреждения существуют для обеспечения санитарного контроля и обеспечения отсутствия перенаселенности. Найти клинику в городском центре-относительно легкая работа, и больницы отказались от масляных ламп в пользу газовых, которые повышают эффективность работы персонала.\n§YДля полного эффекта этой реформы ваши административные расходы должны составлять не менее 40%.§W;X
good_health_care;Отличное здравоохранение;X
good_health_care_desc;Открытие нескольких вакцин произвело революцию в медицине, причем вакцинация была обязательной или настоятельно поощрялась правительством. В настоящее время врачи используют фармацевтические препараты для лечения пациентов, а полная стерилизация всего медицинского оборудования и объектов, карантинные процедуры при инфекционных заболеваниях и надлежащая утилизация медицинских отходов являются обязательной практикой, обеспечиваемой санитарными нормами государственных учреждений. Найти клиники или больницы в небольших населенных пунктах-обычное дело, переполненность-редкость, и некоторые небольшие медицинские центры начинают появляться даже в сельской местности. Больницы оснащены современным электрическим освещением и информационными плакатами для персонала.\n§YДля полного эффекта этой реформы ваши административные расходы должны составлять не менее 50%.\nA полностью финансируемая администрация предоставляет бонус к этой реформе.§W;X
penal_system;Наказание;X
capital_punishment;Смертная казнь;X
capital_punishment_l;Смертная казнь;X
capital_punishment_desc;Осужденных убивают за сравнительно мелкие преступления.;X
colonial_transportation;Транспортировка;X
colonial_transportation_l;Транспортировка;X
colonial_transportation_desc;Заключенных отправляют либо в далекие или негостеприимные места метрополии, либо в ее колонии. Это, однако, увеличивает нагрузку на бюрократию.\n§YЭта реформа увеличит колониальную миграцию, но она также увеличит необходимость бюрократов.§W;X
incarceration;Лишение свободы;X
incarceration_l;Лишение свободы;X
incarceration_desc;Осужденных сажают в тюрьму с целью удаления нежелательных лиц из общества, хотя в большинстве случаев они не используются для тяжелого физического труда.\n§YЭти реформы являются нейтральным - никаких эффектов.§W;X
rehabilitation;Реабилитация;X
rehabilitation_l;Реабилитация;X
rehabilitation_desc;Осужденных сажают в тюрьму с целью их перевоспитания и возвращения в общество.;X
political_parties;Партии;X
conscription;Военнообязанность;X
mandatory_service;Призыв по требованию;X
mandatory_service_l;Призыв по требованию;X
mandatory_service_desc;Все взрослые мужчины должны служить в армии. Правительство может призывать их столько, сколько захочет.;X
four_year_draft;Четырехлетняя служба;X
four_year_draft_l;Четырехлетняя служба;X
four_year_draft_desc;Призывники служат четыре года.;X
two_year_draft;Двухлетняя служба;X
two_year_draft_l;Двухлетняя служба;X
two_year_draft_desc;Призывники служат два года.;X
one_year_draft;Годовая служба;X
one_year_draft_l;Годовая служба;X
one_year_draft_desc;Призывники служат один год.;X
no_draft;Нет обязательной службы;X
no_draft_l;Нет обязательной службы;X
no_draft_desc;Нет обязательной службы;X
debt_law;Долговое право;X
peonage;Пеонаж;X
peonage_l;Пеонаж;X
peonage_desc;Пеона?ж — форма эксплуатации непосредственных производителей, основанная на превращении их в наследственных должников — пеонов, находящихся в кабальной зависимости от помещика или предпринимателя.;X
serfdom;Крепостничество;X
serfdom_l;Крепостничество;X
serfdom_desc;Cовокупность юридических норм, закрепляющих запрет крестьянам уходить со своих земельных наделов без разрешения властей, наследственное подчинение административной и судебной власти определённого феодала, лишение крестьян права отчуждать земельные наделы и приобретать недвижимость, иногда — возможность для феодала отчуждать крестьян без земель.;X
debtors_prisons;Долговая тюрьма;X
debtors_prisons_l;Долговая тюрьма;X
debtors_prisons_desc;Должники сидят в тюрьме до тех пор, пока их долг не будет погашен.\n§YЭта реформа нейтральна - никаких последствий.§W;X
bankruptcy;Банкротство;X
bankruptcy_l;Банкротство;X
bankruptcy_desc;Должникам разрешается объявить себя банкротами, а их предыдущие долги недействительными.;X
slavery;Рабство;X
yes_slavery;Разрешено;X
yes_slavery_desc;Рабство разрешено.\n§RЭта реформа влияет на шансы повышения населения. Повышение будет происходить медленнее, как в глобальном масштабе, так и еще больше в рабовладельческих государствах.§W\n§YНаселение в рабовладельческих государствах будут более консервативными и менее либеральными. Иммигранты реже выбирают рабовладельческие государства.§W\n§GНаселения рабов будет расти.§W;X
freedom_of_womb;Свобода чрева;X
freedom_of_womb_l;Свобода чрева;X
freedom_of_womb_desc;Дети рабов освобождаются при рождении, и в большинстве случаев освобождаются также старые рабы. Рабовладельческое население перестает расти. \n§RЭта реформа влияет на шансы повышения населения. Повышение будет происходить медленнее, как в глобальном масштабе, так и еще больше в рабовладельческих государствах.§W\n§YНаселение в рабовладельческих государствах будут более консервативными и менее либеральными. Иммигранты реже выбирают рабовладельческие государства.§W\n§GНаселения рабов перестанет расти.§W;X
no_slavery;Запрещено;X
no_slavery_desc;Запрещение рабства.;X
public_meetings;Cобрания;X
yes_meeting;Разрешены;X
yes_meeting_desc;Разрешены общественные собрания и митинги.;X
no_meeting;Запрещены;X
no_meeting_desc;Общественные собрания запрещены.;X
POLITICS_MATTERS_OF_STATE;Государственные вопросы;X
child_labor;Детский труд;X
child_labor_legal;Легально;X
child_labor_legal_l;Легально;X
child_labor_legal_desc;Никакого регулирования детского труда не существует.;X
child_labor_restricted;Детский труд ограничен;X
child_labor_restricted_l;Детский труд ограничен;X
child_labor_restricted_desc;Дети не могут работать в опасных профессиях.;X
child_labor_illegal;Нелегально;X
child_labor_illegal_l;Нелегально;X
child_labor_illegal_desc;Детский труд считается аморальным и незаконным.;X
citizens_rights;Права;X
primary_culture_only;Ограничение прав;X
primary_culture_only_l;Права только для основной культуры;X
primary_culture_only_desc;К участию в политической жизни допускаются только первоклассные граждане страны, все остальные группы обособлены. Стать гражданином первого класса трудно и крайне ограничено.;X
culture_voting_only;Культурные права;X
culture_voting_only_l;Права только для основной и признанной культуры;X
culture_voting_only_desc;Лицам, принадлежащим к культуре страны, разрешается участвовать в политической жизни страны, и гражданство этих людей значительно облегчается.;X
all_voting_pops;Без ограничений;X
all_voting_pops_l;Без ограничений;X
all_voting_pops_desc;Все легальные иммигранты, независимо от их культуры, имеют право голосовать. Облегчается получение статуса гражданства.;X
border_policy;Граница;X
closed_borders;Закрытые границы;X
closed_borders_l;Закрытые границы;X
closed_borders_desc;Людей не пускают ни в нашу страну, ни за ее пределы. Эффективность этой политики зависит от наших административных и военных расходов. Некоторые люди все еще могут эмигрировать нелегально, либо пересекая границу, либо прячась на кораблях. Завеса тайны, окутывающая нашу страну, заставляет другие народы не доверять нам.;X
quota_immigration;Иммиграционная квота;X
quota_immigration_l;Иммиграционная квота;X
quota_immigration_desc;Иностранным гражданам разрешается иммигрировать в нашу страну, если они имеют уровень грамотности выше 60% и не являются гражданами стран, которые недавно были или находятся в настоящее время в состоянии войны с нашей страной. Для эмиграции нет никаких ограничений.;X
open_borders;Открытые границы;X
open_borders_l;Открытые границы;X
open_borders_desc;Наша страна полностью открыта для иммиграции и эмиграции.;X
###################################################################;;X
#HPM TECHS;;X
###################################################################;;X
piston_steam_engine;Поршневой паровой двигатель;X
high_pressure_steam_engine;Паровой двигатель высокого давления;X
compound_steam_engines;Комбинированный паровой двигатель;X
pneumatic_and_hydraulics;Пневматика и гидравлика;X
regenerative_furnaces;Регенеративная печь;X
drilling_and_blasting;Бурение и взрывные работы;X
advanced_metallurgy;Мартеновская печь;X
electric_furnace;Электродуговая печь;X
hot_blast;Процесс горячего дутья;X
barbed_wire_defense;Колючая проволока;X
barbed_wire_defense_desc;Колючая проволока это тип стальной ограждающей проволоки, построенной с острыми краями или точками, расположенными через равные промежутки вдоль пряди. Он используется для строительства недорогих заборов и используется поверх стен или как главная особенность укреплений в траншейной войне, останавливая атаки пехоты.;X
camouflage_uniforms;Камуфляжная униформа;X
camouflage_uniforms_desc;Камуфляж это использование любой комбинации материалов, окраски или освещения для маскировки, делая цель трудноразличимой, либо маскируя ее под что-то другое.;X
bayonet_charge;Штыковая атака;X
bayonet_charge_desc;Развитие штыка в конце 17-го века привело к тому, что штыковая атака стала основной тактикой пехоты в 19-м веке и в 20-м. Уже в XIX веке военные ученые отмечали, что большинство штыковых атак не приводят к рукопашному бою. Вместо этого одна сторона обычно бежала, прежде чем началась настоящая штыковая схватка. Считалось, что акт примыкания штыков в первую очередь связан с моральным духом, с четким сигналом друзьям и врагам о готовности убивать с близкого расстояния.;X
bolt_action_rifle_armament;Стрелковое вооружение со скользящим затвором;X
bolt_action_rifle_armament_desc;Скользящий затвор - механизм огнестрельного стрелкового оружия, обеспечивающий открывание и закрывание канала ствола путём прямолинейного поступательного движения затвора вдоль оси ствола. Впервые был применен в 1824 году Иоганном Николаусом фон Дрейзе в одноименной винтовке. Европейские армии продолжали совершенствовать этот механизм вплоть до конца XIX века, и в 1898 году появилась Винтовка Маузера, одна из самых удачных и совершенных систем такого оружия.;x
machine_gun_armament;Пулеметное вооружение;x
schrapnel_standard_design;Стандартная конструкция шрапнели;X
schrapnel_standard_design_desc;Шрапнельные снаряды были противопехотными артиллерийскими боеприпасами, которые несли большое количество отдельных пуль близко к цели, а затем выбрасывали их, чтобы позволить им продолжать двигаться по траектории снаряда и поражать цель индивидуально. Их смертоносность почти полностью зависела от скорости снаряда. Окончательный дизайн шрапнельного снаряда имел мало общего с оригинальным дизайном Генри Шрапнеля, что ознаменовало быструю эволюцию технологии в то время.;X
helmet_mass_production;Массовое производство шлемов;X
helmet_mass_production_desc;Использование артиллерии и современных пулеметов вновь вызвало необходимость в стальных шлемах. Они быстро стали стандартом среди вооруженных сил, от французского Адриана и британского Броуди до немецкого Штальгельма. К 20-му веку такие шлемы обеспечивали защиту головы от осколков и осколков.;X
army_military_political_decision_making;Принятие военно-политических решений;X
army_military_political_decision_making_desc;В военное время армия становится все более влиятельной и может захватить полный контроль не только над руководством непосредственно военными действиями, но и над экономикой страны. Такую ситуацию можно охарактеризовать как военную диктатуру, осуществляемую генеральным штабом.;X
military_political_decision_making;Принятие военно-политических решений;X
young_school_doctrine;Доктрина 'Молодой школы';X
young_school_doctrine_desc;Jeune Ecole('Молодая школа') стратегическая военно-морская концепция, разработанная, которая выступает за использование небольших, мощно оснащенных подразделений для борьбы с большим флотом линкоров и коммерческими рейдерами, способными положить конец торговле враждебной нации.;X
fleet_in_being_doctrine;Доктрина 'Флот в наличии';X
fleet_in_being_doctrine_desc;Концепция 'Флота в наличии' основана на предположении, что флот находится в относительной безопасности в порту, даже если он находится рядом с противником. Сохраняя 'Флот в наличии', можно было бы поддерживать активную угрозу, которая вынудила бы противника оставаться в этом районе и не позволяла бы ему проявлять инициативу в других местах.;X
sea_power_doctrine;Доктрина морской силы;X
sea_power_doctrine_desc;Морская мощь - это средство, с помощью которого нация распространяет свою военную мощь на моря. Измеряемая с точки зрения способности нации использовать моря вопреки соперникам и конкурентам, она состоит из таких разнообразных элементов, как боевые корабли и оружие, вспомогательные суда, коммерческие суда, базы и обученный персонал.;X
modern_sail_ships;Современные парусные суда;X
modern_sail_ships_desc;Современные методы строительства, оснащения и укомплектования парусных судов позволяют создавать более эффективные и мощные корабли.;X
clipper_shipyard_construction;Верфи Клиперов;X
clipper_shipyard_construction_desc;Строительство огромных кораблей, таких как Man'o'War, - нелегкая задача, поэтому нам нужно сначала спроектировать верфь соответствующего размера, чтобы начать строительство.;X
steamer_shipyard_construction;Пароходные верфи;X
steamer_shipyard_construction_desc;Строительство пароходов непростая задача, поэтому для начала строительства нам нужно сначала спроектировать верфь соответствующего размера.;X
neocolonialism_doctrine;Доктрина Военно-Морского империализма;X
neocolonialism_doctrine_desc;Империализм - это государственное управление, практика или пропаганда расширения власти и господства, особенно путем прямого территориального приобретения или путем установления политического и экономического контроля над другими областями.;X
fish_trawlers;Рыболовный траулер;X
fish_trawlers_desc;Современный рыболовный траулер был разработан в 19 веке в английском рыболовном порту Бриксхэм. К началу XIX века рыбакам в Бриксхэме пришлось расширить свой рыболовный район еще больше, чем когда-либо прежде, из-за продолжающегося истощения запасов, происходившего в переловленных водах Южного Девона. Появившийся там траулер 'Бриксхэм' был гладкого сложения и имел высокую багровую оснастку, которая давала судну достаточную скорость, чтобы совершать дальние поездки к рыбацким угодьям в океане. Кроме того, они были достаточно прочны, чтобы буксировать большие тралы на большой глубине. Огромный траловый флот, выстроенный в Бриксхэме, принес деревне титул 'матери глубоководного рыболовства'.;X
industrial_furniture_production;Промышленное производство фурнитуры;X
industrial_furniture_production_desc;Там, где раньше плотники и столяры делали мебель вместе со всеми видами строительных конструкций из дерева, несколько обстоятельств объединились, чтобы создать новую профессию: краснодеревщика. Рост столярного производства как самостоятельной отрасли в конечном счете привел к значительной степени стандартизации методов строительства, в частности типов используемых соединений и толщины древесины для различных деталей. Это также привело к усилению разделения труда: токари, резчики, изготовители стульев, обойщики-все работали в своих соответствующих ролях, чтобы сделать и собрать мебель. В новой системе конструкции простые плоские детали соединяются между собой и затем шпонируются. Его можно сравнить с традиционным каркасным методом рельсов и стайлов, собранных вместе с врезными и шиповыми соединениями, с панелями, вставленными в пазы. Большой магазин часто сохранял свои собственные мастерские, где специальные изделия изготавливались по требованиям клиентов, но по большей части это стало практикой покупать оптом у фирм, производящих мебель.;X
industrial_sawmills;Паровые лесопилки;X
industrial_sawmills_desc;Ко времени промышленной революции было изобретено дисковое пильное полотно, и с развитием паровой энергии стала возможной гораздо большая степень механизации на лесопильных заводах. Скрап пиломатериалов с мельницы служит источником топлива для топки котла. Эффективность повышается, но и капитальные затраты на новую мельницу резко возрастают.;X
industrial_luxury_furniture_production;Промышленное производство люксорной фурнитуры;X
industrial_luxury_furniture_production_desc;Маркетри является центральным элементом декоративного использования зерна и цвета дерева в поверхностях, не нарушенных панелями для роскошной мебели. Чтобы добиться желаемого эффекта, специалист по маркетри либо рисовал узор непосредственно на древесине основы, либо прикреплял бумажный узор на древесину. Затем тонкие листы вырезали с помощью Бурина или, позже, иногда с помощью пилы, узор собирали и приклеивали к каркасу. Узоры маркетри становились все более сложными и, хотя часто цветочными, они также могли включать геометрические и повествовательные сюжеты. Спектр используемых материалов также стал более разнообразным, включая не только редкие тропические породы дерева и металлы, такие как серебро, бронза и латунь, но и широкий спектр других материалов полудрагоценной природы.;X
jean_jaures;Жан Жоре?с;X
jean_jaures_desc;Жан Жоре?с был избран в Палату депутатов в 1885 году. Потерпев поражение на выборах 1889 года, он вернулся в Тулузский университет. Он становился все более радикальным в своих политических взглядах и, прочитав Карла Маркса, начал пропагандировать социализм. Он не был революционером и поддерживал независимых социалистов. Находясь вне парламента, Яурус завершил свою гигантскую социалистическую историю Французской революции. Он также присоединился к Аристиду Бриану и Рене Вивиани в 1904 году, чтобы основать левую газету L'Humanite в 1904 году. Новая социалистическая партия под руководством Яуруса быстро росла в начале века, но раскололась из-за правильного ответа на германский милитаризм. Яурус выступал за политику международного арбитража, в то время как другие поддерживали тройственную Антанту.;X
eugen_von_bohm_bawerk;Ойген фон Бём-Ба?верк;X
eugen_von_bohm_bawerk_desc;Карьера Бём-Ба?верк как ученого была прерывистой. Наиболее значительным периодом научной деятельности были годы его пребывания в Инсбрукском университете (1881-1889). Именно в 1880-х годах он впервые опубликовал два из трех томов своего великого опуса 'капитал и проценты'. В последние годы его жизни доминировали обязанности австрийского министра финансов, должность, которую он занимал, хотя и не постоянно, на протяжении 1890-х годов и после них-и за которую он заслужил подобающую честь, имея свое изображение на австрийской банкноте в сто шиллингов. После службы в этом качестве и принятия других правительственных обязанностей он вернулся к преподаванию в 1904 году. Заведуя кафедрой в Венском университете, он стал коллегой Визера, преемником ушедшего в отставку управляющего. Среди студентов, которые прошли через университет в течение последнего десятилетия карьеры Бома-Баверка (и жизни: он умер в 1914 году), были Йозеф Шумпетер и Людвиг фон Мизес.;X
industrial_paper_production;Машины непрерывного изготовления бумаги;X
industrial_paper_production_desc;До изобретения непрерывного производства бумаги бумага изготавливалась в отдельных листах путем перемешивания контейнера с пульповой суспензией и либо заливки ее в тканевое сито, называемое листовой формой, либо погружения и подъема листовой формы из чана. Пока все еще на ткани в форме листа, влажная бумага была отжата для удаления избытка воды. Затем простыню снимали и вешали на веревку или деревянный прут для просушки на воздухе. Машина Fourdrinier, первая непрерывная машина, изменила все это. Он использует специально сплетенную конвейерную ленту сетки ткани в формируя разделе, где slurry волокна стекается для того чтобы создать непрерывное бумажное полотно, с бумагой оставленной в горизонтальной зоне дренажа, названной таблицей дренажа.;X
portland_cement;Исскуственный цемент;X
portland_cement_desc;Цементы сейчас на рынке бывают двух видов: натуральные, изготовленные непосредственно из камня, и искусственные, обычно называемые портландцементом. Изготовление первого заключается просто в обжиге и измельчении цементного камня. Искусственный цемент состоит примерно из шестидесяти двух процентов извести, смешанной с кремнеземом и силикатом глинозема почти в тех же пропорциях, что и в цементном камне, и он свободен от магнезии. В этом, по-видимому, и заключается вся разница в его конституции. При использовании искусственный цемент быстро схватывается и достигает максимальной твердости за сравнительно короткое время, природный цемент твердеет довольно медленно и достигает своей максимальной твердости только после длительного воздействия воздуха. Искусственный цемент, однако, позволял широко производить цемент, не привязанный к наличию цементного камня.;X
canning_process;Консервирование;X
canning_process_desc;Процесс консервирования был изобретен после длительных исследований Николя Аппера из Франции в 1809 году, в ответ на призыв его правительства к средствам сохранения продовольствия для армии и флота. Метод Апперта состоял в том, чтобы плотно запечатать пищу внутри бутылки или банки, нагреть ее до определенной температуры и поддерживать тепло в течение определенного периода, после чего емкость оставалась запечатанной до использования. В 1810 году Питер Дюран из Англии запатентовал использование железных банок с оловянным покрытием вместо бутылок, а к 1820 году он уже поставлял консервы Королевскому флоту в больших количествах.;X
modern_winemaking;Промышленное виноделие;X
modern_winemaking_desc;Хотя виноделие-это очень старый процесс, надлежащий опыт и оборудование, необходимые для создания линий по производству вина, необходимы для будущего отрасли.;X
carlism;Карлизм;X
carlism_desc;Карлизм - это традиционалистское и легитимистское политическое движение в Испании, стремящееся установить на испанском троне отдельную линию семьи Бурбонов. Эта линия происходила от Инфанта Карлоса, графа Молины, и была основана из-за споров о законах наследования и широко распространенного недовольства альфонсинской линией дома Бурбонов.;X
declaration_of_the_rights_of_man;Декларация Прав Человека;X
declaration_of_the_rights_of_man_desc;Декларация Прав Человека и Гражданина, основополагающий документ Французской революции, определила индивидуальные и коллективные права всех сословий королевства как универсальные.;X
caste_privileges;Сословные привилегии;X
caste_privileges_desc;Одной из первых целей британских империалистов в Индии было создание класса местных элит по своему образу и подобию. Они добились успеха, сформировав новую касту богатых индейцев, которые заняли видное положение в колонии.;X
sati_abolished;Отказ от практики Сати;X
sati_abolished_desc;Отмена похоронной практики Сати, когда недавняя вдова принесла себя в жертву на могиле своего мужа, была невероятно непопулярна в некоторых частях Индии.;X
pig_fat_cartridges;Картриджи для свиного жира;X
pig_fat_cartridges_desc;Выдача пороховых патронов, которые, как считалось, были смазаны свиным жиром, считалась невероятным оскорблением со стороны солдат сипаев и еще одним свидетельством растущего культурного разрыва между индейцами и колониальными державами.;X
spirit_of_freedom;Дух свободы;X
spirit_of_freedom_desc;Для некоторых культур понятие демократии и свободы личности коренится в самой их психике.;X
the_dark_continent;Темный континент;X
the_dark_continent_desc;Распространенное название Африки до ее освоения 'темный континент' относилось к глубоким внутренним областям, где мало кто когда-либо видел, а тем более знал что-либо о ней. Эти глубокие джунгли и пустынные пустоши были ничейной землей, населенной в основном туземцами, которые имели мало контактов с цивилизацией. С ростом исследований, вызванных колониализмом, внезапно появилась возможность колонизировать области, ранее недоступные нам.;X